Business ID,Name,Rating,Review Count,Address,City,State,Zip Code,Phone,Website,Categories,Brands,Quantities,Latitude,Longitude
6j5aBvM4xhLCpVr3qb5C9w,Todo Barato desde $3:50,4.0,1,"Av. Cuauhtémoc, División del Norte y","México, D.F.",DIF,03650,,N/A,"Discount Store, Cosmetics & Beauty Supply",N/A,N/A,19.4326077,-99.133208
eyDRfp442AUFrOJQT0w-Ww,Bella,4.3,3,Gta Metro Insurgentes CC16G,"México, D.F.",DIF,06700,+525555251510,N/A,Cosmetics & Beauty Supply,N/A,N/A,19.4326077,-99.133208
ATwgbzYqB0826yPeHY7wtw,The Beauty Factor,4.0,1,Jesús María 66,"México, D.F.",DIF,06060,+525555220091,N/A,Cosmetics & Beauty Supply,N/A,N/A,19.4326077,-99.133208
UiQ3g0aJc4-L2YNq9IyJOA,Distribuidora Don Juan,4.0,2,Corregidora 7A,"México, D.F.",DIF,06000,+525555423309,N/A,Cosmetics & Beauty Supply,N/A,N/A,19.4326077,-99.133208
pUKi6n1mZM5qeDUl5RWsbQ,Distribuidora Alhondiga,4.0,1,Toledo 34,Juárez,DIF,06600,+525552072658,N/A,Cosmetics & Beauty Supply,N/A,N/A,19.4326077,-99.133208
Nj2uu6Feyrkc4kx01U23Yg,Yves Rocher Madero,4.5,2,Madero 38,"México, D.F.",DIF,06000,+525555102295,N/A,"Hair Removal, Cosmetics & Beauty Supply",N/A,N/A,19.4326077,-99.133208
86Rmr8J5sNPNlsgGaoPB5A,Casa Barba,4.0,1,Arquímedes 22,"México, D.F.",DIF,11560,+525552814355,N/A,Cosmetics & Beauty Supply,N/A,N/A,19.4326077,-99.133208
IwJJ9P09uxM8F3UtA1mxTQ,Inovativ Centro,4.0,2,Tamaulipas 20,"México, D.F.",DIF,06140,+525559531729,N/A,Cosmetics & Beauty Supply,N/A,N/A,19.4326077,-99.133208
xU74laAvoAyos1_INKnN0w,Veronica Conti Cosmetics,4.0,1,Calle Carmen 32,"México, D.F.",DIF,06000,,N/A,Cosmetics & Beauty Supply,N/A,N/A,19.4326077,-99.133208
j20g2t7u9UGvE3OsQkZznw,Novedades Pame,4.0,1,Av. Isabel La Católica,"México, D.F.",DIF,06000,,N/A,Cosmetics & Beauty Supply,N/A,N/A,19.4326077,-99.133208
CpPM_LQkCVJYsAn1WE11jA,Productos de Belleza Flores Magón,5.0,1,Ricardo Flores Magón 110 B,"México, D.F.",DIF,06300,,N/A,Cosmetics & Beauty Supply,N/A,N/A,19.4326077,-99.133208
0_neaI1fIjcnvmmNJi_iwA,Plaza Rayanna,4.0,1,Jesús María 6 A,"México, D.F.",DIF,06000,,N/A,Cosmetics & Beauty Supply,N/A,N/A,19.4326077,-99.133208
JSreCn7lE3APXFqXxxBf3w,Studio,5.0,2,Av. Insurgentes Sur 58,Ciudad de México,DIF,06600,+525552074166,N/A,"Hair Salons, Cosmetics & Beauty Supply",N/A,N/A,19.4326077,-99.133208
V7IFMPGdHA57W3ukjioOgQ,The Body Shop,4.3,6,Francisco I. Madero 20,"México, D.F.",DIF,06000,+525555120320,N/A,Cosmetics & Beauty Supply,N/A,N/A,19.4326077,-99.133208
mhP2vUgkWDuZV1zDaWIhyg,Casa Barba Amores,4.0,1,Amores 1415 Local 10,"México, D.F.",DIF,03100,+525556045583,N/A,Cosmetics & Beauty Supply,N/A,N/A,19.4326077,-99.133208
u3bDufFnnIo7j3q4RzujSA,Makeover Cosmetics,4.0,1,Colombia 46 A,"México, D.F.",DIF,06090,,N/A,Cosmetics & Beauty Supply,N/A,N/A,19.4326077,-99.133208
CxOf4hoz8-JlqTxjtZs6yA,Perfumería Donceles,4.0,2,Donceles 74,"México, D.F.",DIF,06000,+525555128256,N/A,"Cosmetics & Beauty Supply, Perfume",N/A,N/A,19.4326077,-99.133208
atPF4KW1vR8XngDk34ky6w,La Boticazul,5.0,1,Campeche 276,"México, D.F.",DIF,06100,+525552648586,N/A,Cosmetics & Beauty Supply,N/A,N/A,19.4326077,-99.133208
JkCO0GVl6lIlSOtaoGAiLQ,Wigs & Hair,4.0,1,Gabriel Mancera 506,"México, D.F.",DIF,03100,+525556692590,N/A,Cosmetics & Beauty Supply,N/A,N/A,19.4326077,-99.133208
orMZ0cuHOxV6jHgB8jsDUQ,Betilú,4.0,1,Carmen 32 Local 2,"México, D.F.",DIF,04400,,N/A,"Wholesale Stores, Cosmetics & Beauty Supply",N/A,N/A,19.4326077,-99.133208
RhBaCve8owgV9teJYLLsbQ,Tany's,4.0,1,República de Venezuela 54,"México, D.F.",DIF,06060,+525557020523,N/A,Cosmetics & Beauty Supply,N/A,N/A,19.4326077,-99.133208
OPqMnTKri0o_6nJoFhWTaw,Loquay San Cosme,4.3,3,Doctor Enrique González Martínez 6,"México, D.F.",DIF,06400,+525555664046,N/A,Cosmetics & Beauty Supply,N/A,N/A,19.4326077,-99.133208
u6ZFdOvjePVBXXpGOXdKDg,Shamir,4.0,2,Insurgentes Sur 382,"México, D.F.",DIF,06760,,N/A,Cosmetics & Beauty Supply,N/A,N/A,19.4326077,-99.133208
6j5aBvM4xhLCpVr3qb5C9w,Todo Barato desde $3:50,4.0,1,"Av. Cuauhtémoc, División del Norte y","México, D.F.",DIF,03650,,N/A,"Discount Store, Cosmetics & Beauty Supply",N/A,N/A,19.4326077,-99.133208
eyDRfp442AUFrOJQT0w-Ww,Bella,4.3,3,Gta Metro Insurgentes CC16G,"México, D.F.",DIF,06700,+525555251510,N/A,Cosmetics & Beauty Supply,N/A,N/A,19.4326077,-99.133208
ATwgbzYqB0826yPeHY7wtw,The Beauty Factor,4.0,1,Jesús María 66,"México, D.F.",DIF,06060,+525555220091,N/A,Cosmetics & Beauty Supply,N/A,N/A,19.4326077,-99.133208
UiQ3g0aJc4-L2YNq9IyJOA,Distribuidora Don Juan,4.0,2,Corregidora 7A,"México, D.F.",DIF,06000,+525555423309,N/A,Cosmetics & Beauty Supply,N/A,N/A,19.4326077,-99.133208
pUKi6n1mZM5qeDUl5RWsbQ,Distribuidora Alhondiga,4.0,1,Toledo 34,Juárez,DIF,06600,+525552072658,N/A,Cosmetics & Beauty Supply,N/A,N/A,19.4326077,-99.133208
Nj2uu6Feyrkc4kx01U23Yg,Yves Rocher Madero,4.5,2,Madero 38,"México, D.F.",DIF,06000,+525555102295,N/A,"Hair Removal, Cosmetics & Beauty Supply",N/A,N/A,19.4326077,-99.133208
86Rmr8J5sNPNlsgGaoPB5A,Casa Barba,4.0,1,Arquímedes 22,"México, D.F.",DIF,11560,+525552814355,N/A,Cosmetics & Beauty Supply,N/A,N/A,19.4326077,-99.133208
IwJJ9P09uxM8F3UtA1mxTQ,Inovativ Centro,4.0,2,Tamaulipas 20,"México, D.F.",DIF,06140,+525559531729,N/A,Cosmetics & Beauty Supply,N/A,N/A,19.4326077,-99.133208
xU74laAvoAyos1_INKnN0w,Veronica Conti Cosmetics,4.0,1,Calle Carmen 32,"México, D.F.",DIF,06000,,N/A,Cosmetics & Beauty Supply,N/A,N/A,19.4326077,-99.133208
j20g2t7u9UGvE3OsQkZznw,Novedades Pame,4.0,1,Av. Isabel La Católica,"México, D.F.",DIF,06000,,N/A,Cosmetics & Beauty Supply,N/A,N/A,19.4326077,-99.133208
CpPM_LQkCVJYsAn1WE11jA,Productos de Belleza Flores Magón,5.0,1,Ricardo Flores Magón 110 B,"México, D.F.",DIF,06300,,N/A,Cosmetics & Beauty Supply,N/A,N/A,19.4326077,-99.133208
0_neaI1fIjcnvmmNJi_iwA,Plaza Rayanna,4.0,1,Jesús María 6 A,"México, D.F.",DIF,06000,,N/A,Cosmetics & Beauty Supply,N/A,N/A,19.4326077,-99.133208
JSreCn7lE3APXFqXxxBf3w,Studio,5.0,2,Av. Insurgentes Sur 58,Ciudad de México,DIF,06600,+525552074166,N/A,"Hair Salons, Cosmetics & Beauty Supply",N/A,N/A,19.4326077,-99.133208
V7IFMPGdHA57W3ukjioOgQ,The Body Shop,4.3,6,Francisco I. Madero 20,"México, D.F.",DIF,06000,+525555120320,N/A,Cosmetics & Beauty Supply,N/A,N/A,19.4326077,-99.133208
mhP2vUgkWDuZV1zDaWIhyg,Casa Barba Amores,4.0,1,Amores 1415 Local 10,"México, D.F.",DIF,03100,+525556045583,N/A,Cosmetics & Beauty Supply,N/A,N/A,19.4326077,-99.133208
u3bDufFnnIo7j3q4RzujSA,Makeover Cosmetics,4.0,1,Colombia 46 A,"México, D.F.",DIF,06090,,N/A,Cosmetics & Beauty Supply,N/A,N/A,19.4326077,-99.133208
CxOf4hoz8-JlqTxjtZs6yA,Perfumería Donceles,4.0,2,Donceles 74,"México, D.F.",DIF,06000,+525555128256,N/A,"Cosmetics & Beauty Supply, Perfume",N/A,N/A,19.4326077,-99.133208
atPF4KW1vR8XngDk34ky6w,La Boticazul,5.0,1,Campeche 276,"México, D.F.",DIF,06100,+525552648586,N/A,Cosmetics & Beauty Supply,N/A,N/A,19.4326077,-99.133208
JkCO0GVl6lIlSOtaoGAiLQ,Wigs & Hair,4.0,1,Gabriel Mancera 506,"México, D.F.",DIF,03100,+525556692590,N/A,Cosmetics & Beauty Supply,N/A,N/A,19.4326077,-99.133208
orMZ0cuHOxV6jHgB8jsDUQ,Betilú,4.0,1,Carmen 32 Local 2,"México, D.F.",DIF,04400,,N/A,"Wholesale Stores, Cosmetics & Beauty Supply",N/A,N/A,19.4326077,-99.133208
RhBaCve8owgV9teJYLLsbQ,Tany's,4.0,1,República de Venezuela 54,"México, D.F.",DIF,06060,+525557020523,N/A,Cosmetics & Beauty Supply,N/A,N/A,19.4326077,-99.133208
OPqMnTKri0o_6nJoFhWTaw,Loquay San Cosme,4.3,3,Doctor Enrique González Martínez 6,"México, D.F.",DIF,06400,+525555664046,N/A,Cosmetics & Beauty Supply,N/A,N/A,19.4326077,-99.133208
u6ZFdOvjePVBXXpGOXdKDg,Shamir,4.0,2,Insurgentes Sur 382,"México, D.F.",DIF,06760,,N/A,Cosmetics & Beauty Supply,N/A,N/A,19.4326077,-99.133208
4chkMcxUIA6qZb14-3Wd0w,Lush,5.0,1,Av. Paseo de la Reforma 234,Ciudad de México,DIF,06600,+525555351899,N/A,Cosmetics & Beauty Supply,N/A,N/A,19.4326077,-99.133208
3wUBWbmOLcRDK7ke5QcBIA,Salon París,5.0,1,Calle Enrique Gonzalez Martinez 146 B,"México, D.F.",DIF,06400,,N/A,Cosmetics & Beauty Supply,N/A,N/A,19.4326077,-99.133208
ObaKIkp21UBw4Y-rjbck5w,Inglot,5.0,1,Lago Zurich 245,"México, D.F.",DIF,11529,,N/A,Cosmetics & Beauty Supply,N/A,N/A,19.4326077,-99.133208
EeSmLFxyctNrTiWLbMnrSA,Estetik Yohanam,4.0,1,Heriberto Frías 408,"México, D.F.",DIF,03020,+525562345498,N/A,Cosmetics & Beauty Supply,N/A,N/A,19.4326077,-99.133208
e3xuZ7hafQvJePrYuxcgyg,El amo de las rasuradoras,4.0,1,Artículo 123 #7,"México, D.F.",DIF,06050,+525555123046,N/A,"Cosmetics & Beauty Supply, Electronics",N/A,N/A,19.4326077,-99.133208
QWc-K-O8RJu4GfQ-a6CNVQ,Estética Unisex,4.0,1,Tlalpan 663,"México, D.F.",DIF,03400,,N/A,Cosmetics & Beauty Supply,N/A,N/A,19.4326077,-99.133208
kY25h1eW5bsCiQu0kxMN7A,Santorelli Hair Tech,4.0,1,Hamburgo 268,"México, D.F.",DIF,06600,+525552088494,N/A,Cosmetics & Beauty Supply,N/A,N/A,19.4326077,-99.133208
ZSnHuJcKxDWslhKVy2xvPw,Perfumería Arcoiris,4.5,2,Alhóndiga 27 Local 3,"México, D.F.",DIF,06000,,N/A,Cosmetics & Beauty Supply,N/A,N/A,19.4326077,-99.133208
6j5aBvM4xhLCpVr3qb5C9w,Todo Barato desde $3:50,4.0,1,"Av. Cuauhtémoc, División del Norte y","México, D.F.",DIF,03650,,N/A,"Discount Store, Cosmetics & Beauty Supply",N/A,N/A,19.4326077,-99.133208
eyDRfp442AUFrOJQT0w-Ww,Bella,4.3,3,Gta Metro Insurgentes CC16G,"México, D.F.",DIF,06700,+525555251510,N/A,Cosmetics & Beauty Supply,N/A,N/A,19.4326077,-99.133208
ATwgbzYqB0826yPeHY7wtw,The Beauty Factor,4.0,1,Jesús María 66,"México, D.F.",DIF,06060,+525555220091,N/A,Cosmetics & Beauty Supply,N/A,N/A,19.4326077,-99.133208
UiQ3g0aJc4-L2YNq9IyJOA,Distribuidora Don Juan,4.0,2,Corregidora 7A,"México, D.F.",DIF,06000,+525555423309,N/A,Cosmetics & Beauty Supply,N/A,N/A,19.4326077,-99.133208
pUKi6n1mZM5qeDUl5RWsbQ,Distribuidora Alhondiga,4.0,1,Toledo 34,Juárez,DIF,06600,+525552072658,N/A,Cosmetics & Beauty Supply,N/A,N/A,19.4326077,-99.133208
Nj2uu6Feyrkc4kx01U23Yg,Yves Rocher Madero,4.5,2,Madero 38,"México, D.F.",DIF,06000,+525555102295,N/A,"Hair Removal, Cosmetics & Beauty Supply",N/A,N/A,19.4326077,-99.133208
86Rmr8J5sNPNlsgGaoPB5A,Casa Barba,4.0,1,Arquímedes 22,"México, D.F.",DIF,11560,+525552814355,N/A,Cosmetics & Beauty Supply,N/A,N/A,19.4326077,-99.133208
IwJJ9P09uxM8F3UtA1mxTQ,Inovativ Centro,4.0,2,Tamaulipas 20,"México, D.F.",DIF,06140,+525559531729,N/A,Cosmetics & Beauty Supply,N/A,N/A,19.4326077,-99.133208
xU74laAvoAyos1_INKnN0w,Veronica Conti Cosmetics,4.0,1,Calle Carmen 32,"México, D.F.",DIF,06000,,N/A,Cosmetics & Beauty Supply,N/A,N/A,19.4326077,-99.133208
j20g2t7u9UGvE3OsQkZznw,Novedades Pame,4.0,1,Av. Isabel La Católica,"México, D.F.",DIF,06000,,N/A,Cosmetics & Beauty Supply,N/A,N/A,19.4326077,-99.133208
CpPM_LQkCVJYsAn1WE11jA,Productos de Belleza Flores Magón,5.0,1,Ricardo Flores Magón 110 B,"México, D.F.",DIF,06300,,N/A,Cosmetics & Beauty Supply,N/A,N/A,19.4326077,-99.133208
0_neaI1fIjcnvmmNJi_iwA,Plaza Rayanna,4.0,1,Jesús María 6 A,"México, D.F.",DIF,06000,,N/A,Cosmetics & Beauty Supply,N/A,N/A,19.4326077,-99.133208
JSreCn7lE3APXFqXxxBf3w,Studio,5.0,2,Av. Insurgentes Sur 58,Ciudad de México,DIF,06600,+525552074166,N/A,"Hair Salons, Cosmetics & Beauty Supply",N/A,N/A,19.4326077,-99.133208
V7IFMPGdHA57W3ukjioOgQ,The Body Shop,4.3,6,Francisco I. Madero 20,"México, D.F.",DIF,06000,+525555120320,N/A,Cosmetics & Beauty Supply,N/A,N/A,19.4326077,-99.133208
mhP2vUgkWDuZV1zDaWIhyg,Casa Barba Amores,4.0,1,Amores 1415 Local 10,"México, D.F.",DIF,03100,+525556045583,N/A,Cosmetics & Beauty Supply,N/A,N/A,19.4326077,-99.133208
u3bDufFnnIo7j3q4RzujSA,Makeover Cosmetics,4.0,1,Colombia 46 A,"México, D.F.",DIF,06090,,N/A,Cosmetics & Beauty Supply,N/A,N/A,19.4326077,-99.133208
CxOf4hoz8-JlqTxjtZs6yA,Perfumería Donceles,4.0,2,Donceles 74,"México, D.F.",DIF,06000,+525555128256,N/A,"Cosmetics & Beauty Supply, Perfume",N/A,N/A,19.4326077,-99.133208
atPF4KW1vR8XngDk34ky6w,La Boticazul,5.0,1,Campeche 276,"México, D.F.",DIF,06100,+525552648586,N/A,Cosmetics & Beauty Supply,N/A,N/A,19.4326077,-99.133208
JkCO0GVl6lIlSOtaoGAiLQ,Wigs & Hair,4.0,1,Gabriel Mancera 506,"México, D.F.",DIF,03100,+525556692590,N/A,Cosmetics & Beauty Supply,N/A,N/A,19.4326077,-99.133208
orMZ0cuHOxV6jHgB8jsDUQ,Betilú,4.0,1,Carmen 32 Local 2,"México, D.F.",DIF,04400,,N/A,"Wholesale Stores, Cosmetics & Beauty Supply",N/A,N/A,19.4326077,-99.133208
RhBaCve8owgV9teJYLLsbQ,Tany's,4.0,1,República de Venezuela 54,"México, D.F.",DIF,06060,+525557020523,N/A,Cosmetics & Beauty Supply,N/A,N/A,19.4326077,-99.133208
OPqMnTKri0o_6nJoFhWTaw,Loquay San Cosme,4.3,3,Doctor Enrique González Martínez 6,"México, D.F.",DIF,06400,+525555664046,N/A,Cosmetics & Beauty Supply,N/A,N/A,19.4326077,-99.133208
u6ZFdOvjePVBXXpGOXdKDg,Shamir,4.0,2,Insurgentes Sur 382,"México, D.F.",DIF,06760,,N/A,Cosmetics & Beauty Supply,N/A,N/A,19.4326077,-99.133208
4chkMcxUIA6qZb14-3Wd0w,Lush,5.0,1,Av. Paseo de la Reforma 234,Ciudad de México,DIF,06600,+525555351899,N/A,Cosmetics & Beauty Supply,N/A,N/A,19.4326077,-99.133208
3wUBWbmOLcRDK7ke5QcBIA,Salon París,5.0,1,Calle Enrique Gonzalez Martinez 146 B,"México, D.F.",DIF,06400,,N/A,Cosmetics & Beauty Supply,N/A,N/A,19.4326077,-99.133208
ObaKIkp21UBw4Y-rjbck5w,Inglot,5.0,1,Lago Zurich 245,"México, D.F.",DIF,11529,,N/A,Cosmetics & Beauty Supply,N/A,N/A,19.4326077,-99.133208
EeSmLFxyctNrTiWLbMnrSA,Estetik Yohanam,4.0,1,Heriberto Frías 408,"México, D.F.",DIF,03020,+525562345498,N/A,Cosmetics & Beauty Supply,N/A,N/A,19.4326077,-99.133208
e3xuZ7hafQvJePrYuxcgyg,El amo de las rasuradoras,4.0,1,Artículo 123 #7,"México, D.F.",DIF,06050,+525555123046,N/A,"Cosmetics & Beauty Supply, Electronics",N/A,N/A,19.4326077,-99.133208
QWc-K-O8RJu4GfQ-a6CNVQ,Estética Unisex,4.0,1,Tlalpan 663,"México, D.F.",DIF,03400,,N/A,Cosmetics & Beauty Supply,N/A,N/A,19.4326077,-99.133208
kY25h1eW5bsCiQu0kxMN7A,Santorelli Hair Tech,4.0,1,Hamburgo 268,"México, D.F.",DIF,06600,+525552088494,N/A,Cosmetics & Beauty Supply,N/A,N/A,19.4326077,-99.133208
ZSnHuJcKxDWslhKVy2xvPw,Perfumería Arcoiris,4.5,2,Alhóndiga 27 Local 3,"México, D.F.",DIF,06000,,N/A,Cosmetics & Beauty Supply,N/A,N/A,19.4326077,-99.133208
EsfT8p3Vvb7_v6261RFOUA,Academia CREA,4.3,4,Av. Balderas 44,"México, D.F.",DIF,06050,+525555183777,N/A,"Hair Salons, Cosmetics & Beauty Supply, Cosmetology Schools",N/A,N/A,19.4326077,-99.133208
lFfldc3vWpVNMM0N-mFXBg,Zoé,4.0,1,Roldán 9,"México, D.F.",DIF,06000,+525555222674,N/A,Cosmetics & Beauty Supply,N/A,N/A,19.4326077,-99.133208
CpJca1_9ckXF3DQQXBQc1A,El Mundo del Jabón,4.0,1,La Castañeda,"México, D.F.",DIF,03910,,N/A,"Wholesale Stores, Souvenir Shops, Cosmetics & Beauty Supply",N/A,N/A,19.4326077,-99.133208
wZCtrp1cFCoRKGMzmhXzEg,Vellistétic Center,4.0,1,Mazatlan 166,"México, D.F.",DIF,06140,,N/A,Cosmetics & Beauty Supply,N/A,N/A,19.4326077,-99.133208
rgaOJ4LCBRsWyPB_GGyDqw,Xinú Perfumes,4.5,8,Alejandro Dumas 161,Ciudad de México,DIF,11550,+525575895572,N/A,"Perfume, Cosmetics & Beauty Supply",N/A,N/A,19.4326077,-99.133208
6j5aBvM4xhLCpVr3qb5C9w,Todo Barato desde $3:50,4.0,1,"Av. Cuauhtémoc, División del Norte y","México, D.F.",DIF,03650,,N/A,"Discount Store, Cosmetics & Beauty Supply",N/A,N/A,19.4326077,-99.133208
eyDRfp442AUFrOJQT0w-Ww,Bella,4.3,3,Gta Metro Insurgentes CC16G,"México, D.F.",DIF,06700,+525555251510,N/A,Cosmetics & Beauty Supply,N/A,N/A,19.4326077,-99.133208
ATwgbzYqB0826yPeHY7wtw,The Beauty Factor,4.0,1,Jesús María 66,"México, D.F.",DIF,06060,+525555220091,N/A,Cosmetics & Beauty Supply,N/A,N/A,19.4326077,-99.133208
UiQ3g0aJc4-L2YNq9IyJOA,Distribuidora Don Juan,4.0,2,Corregidora 7A,"México, D.F.",DIF,06000,+525555423309,N/A,Cosmetics & Beauty Supply,N/A,N/A,19.4326077,-99.133208
pUKi6n1mZM5qeDUl5RWsbQ,Distribuidora Alhondiga,4.0,1,Toledo 34,Juárez,DIF,06600,+525552072658,N/A,Cosmetics & Beauty Supply,N/A,N/A,19.4326077,-99.133208
Nj2uu6Feyrkc4kx01U23Yg,Yves Rocher Madero,4.5,2,Madero 38,"México, D.F.",DIF,06000,+525555102295,N/A,"Hair Removal, Cosmetics & Beauty Supply",N/A,N/A,19.4326077,-99.133208
86Rmr8J5sNPNlsgGaoPB5A,Casa Barba,4.0,1,Arquímedes 22,"México, D.F.",DIF,11560,+525552814355,N/A,Cosmetics & Beauty Supply,N/A,N/A,19.4326077,-99.133208
IwJJ9P09uxM8F3UtA1mxTQ,Inovativ Centro,4.0,2,Tamaulipas 20,"México, D.F.",DIF,06140,+525559531729,N/A,Cosmetics & Beauty Supply,N/A,N/A,19.4326077,-99.133208
xU74laAvoAyos1_INKnN0w,Veronica Conti Cosmetics,4.0,1,Calle Carmen 32,"México, D.F.",DIF,06000,,N/A,Cosmetics & Beauty Supply,N/A,N/A,19.4326077,-99.133208
j20g2t7u9UGvE3OsQkZznw,Novedades Pame,4.0,1,Av. Isabel La Católica,"México, D.F.",DIF,06000,,N/A,Cosmetics & Beauty Supply,N/A,N/A,19.4326077,-99.133208
CpPM_LQkCVJYsAn1WE11jA,Productos de Belleza Flores Magón,5.0,1,Ricardo Flores Magón 110 B,"México, D.F.",DIF,06300,,N/A,Cosmetics & Beauty Supply,N/A,N/A,19.4326077,-99.133208
0_neaI1fIjcnvmmNJi_iwA,Plaza Rayanna,4.0,1,Jesús María 6 A,"México, D.F.",DIF,06000,,N/A,Cosmetics & Beauty Supply,N/A,N/A,19.4326077,-99.133208
JSreCn7lE3APXFqXxxBf3w,Studio,5.0,2,Av. Insurgentes Sur 58,Ciudad de México,DIF,06600,+525552074166,N/A,"Hair Salons, Cosmetics & Beauty Supply",N/A,N/A,19.4326077,-99.133208
V7IFMPGdHA57W3ukjioOgQ,The Body Shop,4.3,6,Francisco I. Madero 20,"México, D.F.",DIF,06000,+525555120320,N/A,Cosmetics & Beauty Supply,N/A,N/A,19.4326077,-99.133208
mhP2vUgkWDuZV1zDaWIhyg,Casa Barba Amores,4.0,1,Amores 1415 Local 10,"México, D.F.",DIF,03100,+525556045583,N/A,Cosmetics & Beauty Supply,N/A,N/A,19.4326077,-99.133208
u3bDufFnnIo7j3q4RzujSA,Makeover Cosmetics,4.0,1,Colombia 46 A,"México, D.F.",DIF,06090,,N/A,Cosmetics & Beauty Supply,N/A,N/A,19.4326077,-99.133208
CxOf4hoz8-JlqTxjtZs6yA,Perfumería Donceles,4.0,2,Donceles 74,"México, D.F.",DIF,06000,+525555128256,N/A,"Cosmetics & Beauty Supply, Perfume",N/A,N/A,19.4326077,-99.133208
atPF4KW1vR8XngDk34ky6w,La Boticazul,5.0,1,Campeche 276,"México, D.F.",DIF,06100,+525552648586,N/A,Cosmetics & Beauty Supply,N/A,N/A,19.4326077,-99.133208
JkCO0GVl6lIlSOtaoGAiLQ,Wigs & Hair,4.0,1,Gabriel Mancera 506,"México, D.F.",DIF,03100,+525556692590,N/A,Cosmetics & Beauty Supply,N/A,N/A,19.4326077,-99.133208
orMZ0cuHOxV6jHgB8jsDUQ,Betilú,4.0,1,Carmen 32 Local 2,"México, D.F.",DIF,04400,,N/A,"Wholesale Stores, Cosmetics & Beauty Supply",N/A,N/A,19.4326077,-99.133208
RhBaCve8owgV9teJYLLsbQ,Tany's,4.0,1,República de Venezuela 54,"México, D.F.",DIF,06060,+525557020523,N/A,Cosmetics & Beauty Supply,N/A,N/A,19.4326077,-99.133208
OPqMnTKri0o_6nJoFhWTaw,Loquay San Cosme,4.3,3,Doctor Enrique González Martínez 6,"México, D.F.",DIF,06400,+525555664046,N/A,Cosmetics & Beauty Supply,N/A,N/A,19.4326077,-99.133208
u6ZFdOvjePVBXXpGOXdKDg,Shamir,4.0,2,Insurgentes Sur 382,"México, D.F.",DIF,06760,,N/A,Cosmetics & Beauty Supply,N/A,N/A,19.4326077,-99.133208
4chkMcxUIA6qZb14-3Wd0w,Lush,5.0,1,Av. Paseo de la Reforma 234,Ciudad de México,DIF,06600,+525555351899,N/A,Cosmetics & Beauty Supply,N/A,N/A,19.4326077,-99.133208
3wUBWbmOLcRDK7ke5QcBIA,Salon París,5.0,1,Calle Enrique Gonzalez Martinez 146 B,"México, D.F.",DIF,06400,,N/A,Cosmetics & Beauty Supply,N/A,N/A,19.4326077,-99.133208
ObaKIkp21UBw4Y-rjbck5w,Inglot,5.0,1,Lago Zurich 245,"México, D.F.",DIF,11529,,N/A,Cosmetics & Beauty Supply,N/A,N/A,19.4326077,-99.133208
EeSmLFxyctNrTiWLbMnrSA,Estetik Yohanam,4.0,1,Heriberto Frías 408,"México, D.F.",DIF,03020,+525562345498,N/A,Cosmetics & Beauty Supply,N/A,N/A,19.4326077,-99.133208
e3xuZ7hafQvJePrYuxcgyg,El amo de las rasuradoras,4.0,1,Artículo 123 #7,"México, D.F.",DIF,06050,+525555123046,N/A,"Cosmetics & Beauty Supply, Electronics",N/A,N/A,19.4326077,-99.133208
QWc-K-O8RJu4GfQ-a6CNVQ,Estética Unisex,4.0,1,Tlalpan 663,"México, D.F.",DIF,03400,,N/A,Cosmetics & Beauty Supply,N/A,N/A,19.4326077,-99.133208
kY25h1eW5bsCiQu0kxMN7A,Santorelli Hair Tech,4.0,1,Hamburgo 268,"México, D.F.",DIF,06600,+525552088494,N/A,Cosmetics & Beauty Supply,N/A,N/A,19.4326077,-99.133208
ZSnHuJcKxDWslhKVy2xvPw,Perfumería Arcoiris,4.5,2,Alhóndiga 27 Local 3,"México, D.F.",DIF,06000,,N/A,Cosmetics & Beauty Supply,N/A,N/A,19.4326077,-99.133208
EsfT8p3Vvb7_v6261RFOUA,Academia CREA,4.3,4,Av. Balderas 44,"México, D.F.",DIF,06050,+525555183777,N/A,"Hair Salons, Cosmetics & Beauty Supply, Cosmetology Schools",N/A,N/A,19.4326077,-99.133208
lFfldc3vWpVNMM0N-mFXBg,Zoé,4.0,1,Roldán 9,"México, D.F.",DIF,06000,+525555222674,N/A,Cosmetics & Beauty Supply,N/A,N/A,19.4326077,-99.133208
CpJca1_9ckXF3DQQXBQc1A,El Mundo del Jabón,4.0,1,La Castañeda,"México, D.F.",DIF,03910,,N/A,"Wholesale Stores, Souvenir Shops, Cosmetics & Beauty Supply",N/A,N/A,19.4326077,-99.133208
wZCtrp1cFCoRKGMzmhXzEg,Vellistétic Center,4.0,1,Mazatlan 166,"México, D.F.",DIF,06140,,N/A,Cosmetics & Beauty Supply,N/A,N/A,19.4326077,-99.133208
rgaOJ4LCBRsWyPB_GGyDqw,Xinú Perfumes,4.5,8,Alejandro Dumas 161,Ciudad de México,DIF,11550,+525575895572,N/A,"Perfume, Cosmetics & Beauty Supply",N/A,N/A,19.4326077,-99.133208
GO4cOibUarjU33w0EANr_A,Mujer Bonita,4.0,1,Decorado 30,"México, D.F.",DIF,15340,,N/A,"Cosmetics & Beauty Supply, Hair Salons",N/A,N/A,19.4326077,-99.133208
RRcwHOMJbiQMLLE09XKnSQ,Loredana,4.0,1,Dr Mora 9,"México, D.F.",DIF,09900,,N/A,"Cosmetics & Beauty Supply, Organic Stores",N/A,N/A,19.4326077,-99.133208
IJyCMuCbu-ujSttcLYoulw,Casa de las Uñas,4.0,2,Providencia 900,"México, D.F.",DIF,03100,,N/A,"Cosmetics & Beauty Supply, Nail Salons",N/A,N/A,19.4326077,-99.133208
PRVZE0IhToi75V3Ih5QpcQ,Conny Romero Peluquería e Imagen Personal,5.0,1,Calle Maestro Antonio Caso 183,Ciudad de México,DIF,06470,+525572712847,N/A,"Hair Salons, Cosmetics & Beauty Supply, Nail Salons",N/A,N/A,19.4326077,-99.133208
5ZAFX9xifOqky-5nW25OFA,Flormar,4.0,1,Oxford 40,"México, D.F.",DIF,06600,+525511022300,N/A,Cosmetics & Beauty Supply,N/A,N/A,19.4326077,-99.133208
Om0OJ9tqmA-5yLXt5DcTXg,Plaza de la Ciudadela,4.7,12,Balderas s/n esq. Emilio Dondé,"México, D.F.",DIF,06000,,N/A,"Arts & Crafts, Local Flavor",N/A,N/A,19.4326077,-99.133208
q0FrdtIFYvGr6pdLdOtnrg,Farmacia París,4.3,14,República de El Salvador 97,"México, D.F.",DIF,06080,+525557095349,N/A,Pharmacy,N/A,N/A,19.4326077,-99.133208
BW0csHQlytq3Ap-_SF_N9g,Farmacias Benavides,4.0,1,16 de Septiembre 82,Ciudad de México,DIF,06000,+525555186061,N/A,Pharmacy,N/A,N/A,19.4326077,-99.133208
gjbDGtd9NkCTJA-J78LDiQ,Farmacia Homeopática Nacional,4.5,2,"República de Guatemala no. 16, local 3 Colonia Centro","México, D.F.",DIF,06010,+525555123527,N/A,"Pharmacy, Naturopathic/Holistic",N/A,N/A,19.4326077,-99.133208
QZGyB3qWN-jQPx7mY9ZV9Q,Farmacia Paris Esencias,4.5,4,República del Salvador 75,"México, D.F.",DIF,06080,,N/A,Pharmacy,N/A,N/A,19.4326077,-99.133208
NxkW4aPv6PRKPuBKyYy4Vg,Farmacias del Ahorro,5.0,1,Puente de Alvarado 108,"México, D.F.",DIF,06030,,N/A,Pharmacy,N/A,N/A,19.4326077,-99.133208
MHwEAENNhRAQBrcPJ_fEkQ,Farmacias Especializadas,4.0,2,Dr. Pasteur No. 97,"México, D.F.",DIF,06720,+525552784500,N/A,Pharmacy,N/A,N/A,19.4326077,-99.133208
6KPwj-k9M4pPS_RxiJkaKA,Farmacia Linda,4.8,4,Dakota 91,"México, D.F.",DIF,03810,+525555432781,N/A,Pharmacy,N/A,N/A,19.4326077,-99.133208
BRllWcfFRJUgFa50U_as4w,Farmacia San Pablo,4.0,5,Aguascalientes 132,Cuauhtémoc,CHH,06760,+525553549000,N/A,Pharmacy,N/A,N/A,19.4326077,-99.133208
7m6HEeHElxONemC9-LxWvg,Farmacia Corona,4.0,1,Av. Cuauhtémoc 114,"México, D.F.",DIF,06720,,N/A,Pharmacy,N/A,N/A,19.4326077,-99.133208
mWLdPySLScITU0bpAznoeQ,Farmacia para la Piel,4.0,1,Bolívar 95,"México, D.F.",DIF,06800,,N/A,"Skin Care, Pharmacy",N/A,N/A,19.4326077,-99.133208
7O9dtg9oJumDGHqlz9DLCQ,Farmacity,4.0,1,Vicente Suárez 123,"México, D.F.",DIF,06140,+525552865807,N/A,Pharmacy,N/A,N/A,19.4326077,-99.133208
q0FrdtIFYvGr6pdLdOtnrg,Farmacia París,4.3,14,República de El Salvador 97,"México, D.F.",DIF,06080,+525557095349,N/A,Pharmacy,N/A,N/A,19.4326077,-99.133208
BW0csHQlytq3Ap-_SF_N9g,Farmacias Benavides,4.0,1,16 de Septiembre 82,Ciudad de México,DIF,06000,+525555186061,N/A,Pharmacy,N/A,N/A,19.4326077,-99.133208
gjbDGtd9NkCTJA-J78LDiQ,Farmacia Homeopática Nacional,4.5,2,"República de Guatemala no. 16, local 3 Colonia Centro","México, D.F.",DIF,06010,+525555123527,N/A,"Pharmacy, Naturopathic/Holistic",N/A,N/A,19.4326077,-99.133208
QZGyB3qWN-jQPx7mY9ZV9Q,Farmacia Paris Esencias,4.5,4,República del Salvador 75,"México, D.F.",DIF,06080,,N/A,Pharmacy,N/A,N/A,19.4326077,-99.133208
NxkW4aPv6PRKPuBKyYy4Vg,Farmacias del Ahorro,5.0,1,Puente de Alvarado 108,"México, D.F.",DIF,06030,,N/A,Pharmacy,N/A,N/A,19.4326077,-99.133208
MHwEAENNhRAQBrcPJ_fEkQ,Farmacias Especializadas,4.0,2,Dr. Pasteur No. 97,"México, D.F.",DIF,06720,+525552784500,N/A,Pharmacy,N/A,N/A,19.4326077,-99.133208
6KPwj-k9M4pPS_RxiJkaKA,Farmacia Linda,4.8,4,Dakota 91,"México, D.F.",DIF,03810,+525555432781,N/A,Pharmacy,N/A,N/A,19.4326077,-99.133208
BRllWcfFRJUgFa50U_as4w,Farmacia San Pablo,4.0,5,Aguascalientes 132,Cuauhtémoc,CHH,06760,+525553549000,N/A,Pharmacy,N/A,N/A,19.4326077,-99.133208
7m6HEeHElxONemC9-LxWvg,Farmacia Corona,4.0,1,Av. Cuauhtémoc 114,"México, D.F.",DIF,06720,,N/A,Pharmacy,N/A,N/A,19.4326077,-99.133208
mWLdPySLScITU0bpAznoeQ,Farmacia para la Piel,4.0,1,Bolívar 95,"México, D.F.",DIF,06800,,N/A,"Skin Care, Pharmacy",N/A,N/A,19.4326077,-99.133208
7O9dtg9oJumDGHqlz9DLCQ,Farmacity,4.0,1,Vicente Suárez 123,"México, D.F.",DIF,06140,+525552865807,N/A,Pharmacy,N/A,N/A,19.4326077,-99.133208
WJcWhPHF-CPniWj1LuX3Wg,Farmacias del Ahorro,4.0,1,Lamartine 252 B,"México, D.F.",DIF,11580,,N/A,Pharmacy,N/A,N/A,19.4326077,-99.133208
QFDmkKiiTrbWX4kd1ZATBw,Farmacos Especializados,5.0,1,Eugenio Sue 295,"México, D.F.",DIF,11550,+525552031246,N/A,Pharmacy,N/A,N/A,19.4326077,-99.133208
T4u9jpFmqjP0_xRaaD38ng,Farmacia San Isidro,5.0,2,Av. Niños Heroes 196,"México, D.F.",DIF,06020,+525556845812,N/A,Pharmacy,N/A,N/A,19.4326077,-99.133208
q0FrdtIFYvGr6pdLdOtnrg,Farmacia París,4.3,14,República de El Salvador 97,"México, D.F.",DIF,06080,+525557095349,N/A,Pharmacy,N/A,N/A,19.4326077,-99.133208
BW0csHQlytq3Ap-_SF_N9g,Farmacias Benavides,4.0,1,16 de Septiembre 82,Ciudad de México,DIF,06000,+525555186061,N/A,Pharmacy,N/A,N/A,19.4326077,-99.133208
gjbDGtd9NkCTJA-J78LDiQ,Farmacia Homeopática Nacional,4.5,2,"República de Guatemala no. 16, local 3 Colonia Centro","México, D.F.",DIF,06010,+525555123527,N/A,"Pharmacy, Naturopathic/Holistic",N/A,N/A,19.4326077,-99.133208
QZGyB3qWN-jQPx7mY9ZV9Q,Farmacia Paris Esencias,4.5,4,República del Salvador 75,"México, D.F.",DIF,06080,,N/A,Pharmacy,N/A,N/A,19.4326077,-99.133208
NxkW4aPv6PRKPuBKyYy4Vg,Farmacias del Ahorro,5.0,1,Puente de Alvarado 108,"México, D.F.",DIF,06030,,N/A,Pharmacy,N/A,N/A,19.4326077,-99.133208
MHwEAENNhRAQBrcPJ_fEkQ,Farmacias Especializadas,4.0,2,Dr. Pasteur No. 97,"México, D.F.",DIF,06720,+525552784500,N/A,Pharmacy,N/A,N/A,19.4326077,-99.133208
6KPwj-k9M4pPS_RxiJkaKA,Farmacia Linda,4.8,4,Dakota 91,"México, D.F.",DIF,03810,+525555432781,N/A,Pharmacy,N/A,N/A,19.4326077,-99.133208
BRllWcfFRJUgFa50U_as4w,Farmacia San Pablo,4.0,5,Aguascalientes 132,Cuauhtémoc,CHH,06760,+525553549000,N/A,Pharmacy,N/A,N/A,19.4326077,-99.133208
7m6HEeHElxONemC9-LxWvg,Farmacia Corona,4.0,1,Av. Cuauhtémoc 114,"México, D.F.",DIF,06720,,N/A,Pharmacy,N/A,N/A,19.4326077,-99.133208
mWLdPySLScITU0bpAznoeQ,Farmacia para la Piel,4.0,1,Bolívar 95,"México, D.F.",DIF,06800,,N/A,"Skin Care, Pharmacy",N/A,N/A,19.4326077,-99.133208
7O9dtg9oJumDGHqlz9DLCQ,Farmacity,4.0,1,Vicente Suárez 123,"México, D.F.",DIF,06140,+525552865807,N/A,Pharmacy,N/A,N/A,19.4326077,-99.133208
WJcWhPHF-CPniWj1LuX3Wg,Farmacias del Ahorro,4.0,1,Lamartine 252 B,"México, D.F.",DIF,11580,,N/A,Pharmacy,N/A,N/A,19.4326077,-99.133208
QFDmkKiiTrbWX4kd1ZATBw,Farmacos Especializados,5.0,1,Eugenio Sue 295,"México, D.F.",DIF,11550,+525552031246,N/A,Pharmacy,N/A,N/A,19.4326077,-99.133208
T4u9jpFmqjP0_xRaaD38ng,Farmacia San Isidro,5.0,2,Av. Niños Heroes 196,"México, D.F.",DIF,06020,+525556845812,N/A,Pharmacy,N/A,N/A,19.4326077,-99.133208
q0FrdtIFYvGr6pdLdOtnrg,Farmacia París,4.3,14,República de El Salvador 97,"México, D.F.",DIF,06080,+525557095349,N/A,Pharmacy,N/A,N/A,19.4326077,-99.133208
BW0csHQlytq3Ap-_SF_N9g,Farmacias Benavides,4.0,1,16 de Septiembre 82,Ciudad de México,DIF,06000,+525555186061,N/A,Pharmacy,N/A,N/A,19.4326077,-99.133208
gjbDGtd9NkCTJA-J78LDiQ,Farmacia Homeopática Nacional,4.5,2,"República de Guatemala no. 16, local 3 Colonia Centro","México, D.F.",DIF,06010,+525555123527,N/A,"Pharmacy, Naturopathic/Holistic",N/A,N/A,19.4326077,-99.133208
QZGyB3qWN-jQPx7mY9ZV9Q,Farmacia Paris Esencias,4.5,4,República del Salvador 75,"México, D.F.",DIF,06080,,N/A,Pharmacy,N/A,N/A,19.4326077,-99.133208
NxkW4aPv6PRKPuBKyYy4Vg,Farmacias del Ahorro,5.0,1,Puente de Alvarado 108,"México, D.F.",DIF,06030,,N/A,Pharmacy,N/A,N/A,19.4326077,-99.133208
MHwEAENNhRAQBrcPJ_fEkQ,Farmacias Especializadas,4.0,2,Dr. Pasteur No. 97,"México, D.F.",DIF,06720,+525552784500,N/A,Pharmacy,N/A,N/A,19.4326077,-99.133208
6KPwj-k9M4pPS_RxiJkaKA,Farmacia Linda,4.8,4,Dakota 91,"México, D.F.",DIF,03810,+525555432781,N/A,Pharmacy,N/A,N/A,19.4326077,-99.133208
BRllWcfFRJUgFa50U_as4w,Farmacia San Pablo,4.0,5,Aguascalientes 132,Cuauhtémoc,CHH,06760,+525553549000,N/A,Pharmacy,N/A,N/A,19.4326077,-99.133208
7m6HEeHElxONemC9-LxWvg,Farmacia Corona,4.0,1,Av. Cuauhtémoc 114,"México, D.F.",DIF,06720,,N/A,Pharmacy,N/A,N/A,19.4326077,-99.133208
mWLdPySLScITU0bpAznoeQ,Farmacia para la Piel,4.0,1,Bolívar 95,"México, D.F.",DIF,06800,,N/A,"Skin Care, Pharmacy",N/A,N/A,19.4326077,-99.133208
7O9dtg9oJumDGHqlz9DLCQ,Farmacity,4.0,1,Vicente Suárez 123,"México, D.F.",DIF,06140,+525552865807,N/A,Pharmacy,N/A,N/A,19.4326077,-99.133208
WJcWhPHF-CPniWj1LuX3Wg,Farmacias del Ahorro,4.0,1,Lamartine 252 B,"México, D.F.",DIF,11580,,N/A,Pharmacy,N/A,N/A,19.4326077,-99.133208
QFDmkKiiTrbWX4kd1ZATBw,Farmacos Especializados,5.0,1,Eugenio Sue 295,"México, D.F.",DIF,11550,+525552031246,N/A,Pharmacy,N/A,N/A,19.4326077,-99.133208
T4u9jpFmqjP0_xRaaD38ng,Farmacia San Isidro,5.0,2,Av. Niños Heroes 196,"México, D.F.",DIF,06020,+525556845812,N/A,Pharmacy,N/A,N/A,19.4326077,-99.133208
kUJ_xiQQqdUb0a_i-Mv1vA,Barrio Alameda,4.0,6,Calle Dr Mora 9,"México, D.F.",DIF,06050,+525555123810,N/A,Shopping Centers,N/A,N/A,19.4326077,-99.133208
AdP8HzIw3RI3jo7Az8SuIA,El Nuevo Mundo,4.4,9,Calle de Venustiano Carranza 72,Ciudad de México,DIF,06000,+525551300353,N/A,Department Stores,N/A,N/A,19.4326077,-99.133208
ZRdHPK8DGkErHsAxWBt0hA,Sears,5.0,2,Av. Juárez 14,"México, D.F.",DIF,06050,,N/A,Department Stores,N/A,N/A,19.4326077,-99.133208
bNUOtMoyh_MpV1wqazwq2g,"Sanborn's, Isabel la Católica",5.0,1,Isabel La Católica 51,"México, D.F.",DIF,06000,,N/A,Department Stores,N/A,N/A,19.4326077,-99.133208
EVvFVPgssSNSe7jAjd_jcQ,El Palacio de Hierro,4.3,21,Av. Moliere 222,Ciudad de México,DIF,11540,+525552821455,N/A,Shopping Centers,N/A,N/A,19.4326077,-99.133208
J_Wx4wD82hIHOw5YchCrEw,Sanborns,4.0,2,Blvd. Puerto Aéreo 123,Ciudad de México,DIF,15530,+525555710164,N/A,Department Stores,N/A,N/A,19.4326077,-99.133208
37_CXsVq5OzGhsAzWcaqMA,Steve Madden,4.0,1,Hacienda Sierra Vieja lote 2Fraccionamiento Hacienda del Parque,"México, D.F.",DIF,54769,,N/A,Department Stores,N/A,N/A,19.4326077,-99.133208
fveS1p2fuRg8veTfEfwPDA,Outlet de Tenis Tacuba,4.0,2,Calle de Tacuba 40,"México, D.F.",DIF,06000,+525555103593,N/A,"Sports Wear, Outlet Stores",N/A,N/A,19.4326077,-99.133208
6j5aBvM4xhLCpVr3qb5C9w,Todo Barato desde $3:50,4.0,1,"Av. Cuauhtémoc, División del Norte y","México, D.F.",DIF,03650,,N/A,"Discount Store, Cosmetics & Beauty Supply",N/A,N/A,19.4326077,-99.133208
zIuQDXOMuVTpxbqN5JyoRw,Pineda Covalín Polanco,5.0,1,Campos Eliseos #215-A,"México, D.F.",DIF,11560,+525552822720,N/A,Fashion,N/A,N/A,19.4326077,-99.133208
kysKUMSpEJiNuXemubPaDQ,Antara,4.4,36,Av. Ejército Nacional 843,"México, D.F.",DIF,11520,+525545938870,N/A,Shopping Centers,N/A,N/A,19.4326077,-99.133208
VEdpScA53tUigu1O3tyocQ,Zold,4.0,1,16 de septiembre 41,"México, D.F.",DIF,06000,,N/A,"Sporting Goods, Outlet Stores",N/A,N/A,19.4326077,-99.133208
VoMcfenXLKXZ-O_2bIBPng,Suerte 888,5.0,1,Independencia #18,"México, D.F.",DIF,06050,+525555182828,N/A,"Wholesale Stores, Lighting Fixtures & Equipment, Souvenir Shops",N/A,N/A,19.4326077,-99.133208
4i17s4smmrsnVbl-MibmnA,Woolworth,4.2,5,Av. Insurgentes Sur 376,Ciudad de México,DIF,06600,,N/A,Department Stores,N/A,N/A,19.4326077,-99.133208
sud4XGrM8M0YoqDOIKg-gQ,Bodega Condesa,4.0,3,Ozuluama  #24,"México, D.F.",DIF,06140,+525552110532,N/A,"Wholesale Stores, Discount Store",N/A,N/A,19.4326077,-99.133208
u-rj-rGY9osswZpfBTICYg,Little Asia,5.0,1,Dolores #27 H Col. Centro,"México, D.F.",DIF,06000,+525555124260,N/A,"Wholesale Stores, Arts & Crafts",N/A,N/A,19.4326077,-99.133208
eYGDuowFLrNt9ZSPJNrivA,Miyana,4.2,6,Av. Ejército Nacional 769,Ciudad de México,DIF,11520,+525555451858,N/A,Shopping Centers,N/A,N/A,19.4326077,-99.133208
sZv9WJsOizitR8rrl3Hw3g,Galerías el Triunfo,4.4,5,Av.16 de Septiembre 41,"México, D.F.",DIF,06000,+525555127848,N/A,Wholesale Stores,N/A,N/A,19.4326077,-99.133208
kUJ_xiQQqdUb0a_i-Mv1vA,Barrio Alameda,4.0,6,Calle Dr Mora 9,"México, D.F.",DIF,06050,+525555123810,N/A,Shopping Centers,N/A,N/A,19.4326077,-99.133208
AdP8HzIw3RI3jo7Az8SuIA,El Nuevo Mundo,4.4,9,Calle de Venustiano Carranza 72,Ciudad de México,DIF,06000,+525551300353,N/A,Department Stores,N/A,N/A,19.4326077,-99.133208
ZRdHPK8DGkErHsAxWBt0hA,Sears,5.0,2,Av. Juárez 14,"México, D.F.",DIF,06050,,N/A,Department Stores,N/A,N/A,19.4326077,-99.133208
bNUOtMoyh_MpV1wqazwq2g,"Sanborn's, Isabel la Católica",5.0,1,Isabel La Católica 51,"México, D.F.",DIF,06000,,N/A,Department Stores,N/A,N/A,19.4326077,-99.133208
EVvFVPgssSNSe7jAjd_jcQ,El Palacio de Hierro,4.3,21,Av. Moliere 222,Ciudad de México,DIF,11540,+525552821455,N/A,Shopping Centers,N/A,N/A,19.4326077,-99.133208
J_Wx4wD82hIHOw5YchCrEw,Sanborns,4.0,2,Blvd. Puerto Aéreo 123,Ciudad de México,DIF,15530,+525555710164,N/A,Department Stores,N/A,N/A,19.4326077,-99.133208
37_CXsVq5OzGhsAzWcaqMA,Steve Madden,4.0,1,Hacienda Sierra Vieja lote 2Fraccionamiento Hacienda del Parque,"México, D.F.",DIF,54769,,N/A,Department Stores,N/A,N/A,19.4326077,-99.133208
fveS1p2fuRg8veTfEfwPDA,Outlet de Tenis Tacuba,4.0,2,Calle de Tacuba 40,"México, D.F.",DIF,06000,+525555103593,N/A,"Sports Wear, Outlet Stores",N/A,N/A,19.4326077,-99.133208
6j5aBvM4xhLCpVr3qb5C9w,Todo Barato desde $3:50,4.0,1,"Av. Cuauhtémoc, División del Norte y","México, D.F.",DIF,03650,,N/A,"Discount Store, Cosmetics & Beauty Supply",N/A,N/A,19.4326077,-99.133208
zIuQDXOMuVTpxbqN5JyoRw,Pineda Covalín Polanco,5.0,1,Campos Eliseos #215-A,"México, D.F.",DIF,11560,+525552822720,N/A,Fashion,N/A,N/A,19.4326077,-99.133208
kysKUMSpEJiNuXemubPaDQ,Antara,4.4,36,Av. Ejército Nacional 843,"México, D.F.",DIF,11520,+525545938870,N/A,Shopping Centers,N/A,N/A,19.4326077,-99.133208
VEdpScA53tUigu1O3tyocQ,Zold,4.0,1,16 de septiembre 41,"México, D.F.",DIF,06000,,N/A,"Sporting Goods, Outlet Stores",N/A,N/A,19.4326077,-99.133208
VoMcfenXLKXZ-O_2bIBPng,Suerte 888,5.0,1,Independencia #18,"México, D.F.",DIF,06050,+525555182828,N/A,"Wholesale Stores, Lighting Fixtures & Equipment, Souvenir Shops",N/A,N/A,19.4326077,-99.133208
4i17s4smmrsnVbl-MibmnA,Woolworth,4.2,5,Av. Insurgentes Sur 376,Ciudad de México,DIF,06600,,N/A,Department Stores,N/A,N/A,19.4326077,-99.133208
sud4XGrM8M0YoqDOIKg-gQ,Bodega Condesa,4.0,3,Ozuluama  #24,"México, D.F.",DIF,06140,+525552110532,N/A,"Wholesale Stores, Discount Store",N/A,N/A,19.4326077,-99.133208
u-rj-rGY9osswZpfBTICYg,Little Asia,5.0,1,Dolores #27 H Col. Centro,"México, D.F.",DIF,06000,+525555124260,N/A,"Wholesale Stores, Arts & Crafts",N/A,N/A,19.4326077,-99.133208
eYGDuowFLrNt9ZSPJNrivA,Miyana,4.2,6,Av. Ejército Nacional 769,Ciudad de México,DIF,11520,+525555451858,N/A,Shopping Centers,N/A,N/A,19.4326077,-99.133208
sZv9WJsOizitR8rrl3Hw3g,Galerías el Triunfo,4.4,5,Av.16 de Septiembre 41,"México, D.F.",DIF,06000,+525555127848,N/A,Wholesale Stores,N/A,N/A,19.4326077,-99.133208
kBi5se400rIOvlUB7hOg5g,La Imperial Textil,4.0,1,Venustiano Carranza 111,"México, D.F.",DIF,06060,+525555421495,N/A,"Wholesale Stores, Fashion, Bridal",N/A,N/A,19.4326077,-99.133208
8ccpwnTsbtBPoEoqcFuAKQ,Baby Creysi Outlet Centro,4.0,1,Bolivar 109 esquina Izazaga Colonia Centro,"México, D.F.",DIF,06000,+525555219210,N/A,"Baby Gear & Furniture, Outlet Stores",N/A,N/A,19.4326077,-99.133208
A7Eixe8AKwUq2GRI3u2H5w,Mega,4.5,2,Pilares 541,Ciudad de México,DIF,37160,+525556054599,N/A,Department Stores,N/A,N/A,19.4326077,-99.133208
VrDhP6Q4Dfk7oLDgzzu7-w,El Palacio de Hierro,4.0,1,Av. 20 de Noviembre 3,"México, D.F.",DIF,06060,+525557289905,N/A,Department Stores,N/A,N/A,19.4326077,-99.133208
zA1auRF4bKAj5-f2GL5y4A,Levis Outlet,4.0,1,"Izazaga 89, 2","México, D.F.",DIF,06090,+525553957911,N/A,Fashion,N/A,N/A,19.4326077,-99.133208
UoR5cCU82tJpYpKG0zwfcg,Telas El Silvonero,5.0,1,República de El Salvador 156,"México, D.F.",DIF,06000,,N/A,Wholesale Stores,N/A,N/A,19.4326077,-99.133208
Qm_1liHZSwBKWOV-9kvARQ,Woolworth,4.0,4,Av. Cuauhtémoc 607,"México, D.F.",DIF,03020,+525556392817,N/A,Department Stores,N/A,N/A,19.4326077,-99.133208
MLcPc_-818-afim5Ljkg7w,Plaza San Cosme,4.0,2,Ribera de San Cosme 28,Cuidad de México,DIF,06470,+525557053094,N/A,Shopping Centers,N/A,N/A,19.4326077,-99.133208
mzE8wNCxDJcPmIYmyw4Xwg,Walmart,4.0,1,San Juan de Aragón 516,"México, D.F.",DIF,07090,,N/A,Department Stores,N/A,N/A,19.4326077,-99.133208
LFSgPVsTiVJrLWLNSu39cA,Eurobakery,4.3,3,Calle Niza 76,"México, D.F.",DIF,06600,+525555112499,N/A,"Wholesale Stores, Kitchen Supplies, Restaurant Supplies",N/A,N/A,19.4326077,-99.133208
7NKLX18rcQmQCvmcFleJUg,Gorras Y Galar,5.0,1,Calle Apartado 14,Ciudad de México,DIF,06020,+525557032569,N/A,"Wholesale Stores, Accessories",N/A,N/A,19.4326077,-99.133208
NzrV3cR4SmI-H4ICgqeJEw,Outlet Store Levi´s,4.0,2,José María Izazaga 89 local 2 Colonia Centro,"México, D.F.",DIF,06090,+525557090340,N/A,Men's Clothing,N/A,N/A,19.4326077,-99.133208
77xjrblfNhJNNQMoYFRmhw,Telas Junco,4.0,1,Av. 20 de Noviembre 36,"México, D.F.",DIF,06060,+525555723639,N/A,Wholesale Stores,N/A,N/A,19.4326077,-99.133208
y7aPcv55UCx10dSHYTcspQ,Tianguis del automovil,4.5,2,Blvd. Adolfo López Mateos (Periférico) 4690 (Entre Av. de los In,"México, D.F.",DIF,08340,+525594378495,N/A,Shopping Centers,N/A,N/A,19.4326077,-99.133208
myt23j2l3MGCDluGg8yhFw,Cristalería El Ancla,4.0,1,Calle Corregidora  59,"México, D.F.",DIF,06000,,N/A,Wholesale Stores,N/A,N/A,19.4326077,-99.133208
eRuQC4HCk5hupSgV3bctzg,Plaza de la Película,4.5,2,Eje Central Lázaro Cárdenas 81,"México, D.F.",DIF,06000,+525555108671,N/A,Outlet Stores,N/A,N/A,19.4326077,-99.133208
TL_sGZ49q0g4ig0w-vPGSw,Plaza de la Película,5.0,1,Eje Central Lázaro Cárdenas 81,"México, D.F.",DIF,06000,+525555122640,N/A,Shopping Centers,N/A,N/A,19.4326077,-99.133208
4RehInUdvA_okyOkkv4vwA,SPEEDY MART,4.0,1,"Casas Grandes 93, Narvarte, Benito Juárez,","México, D.F.",DIF,03020,+525544345101,N/A,Shopping Centers,N/A,N/A,19.4326077,-99.133208
k90ZJEGt4FSkmffz59jJbw,Mineralia Outlet,4.0,2,Republica de Uruguay 76,"México, D.F.",DIF,06000,+525555124141,N/A,Jewelry,N/A,N/A,19.4326077,-99.133208
kUJ_xiQQqdUb0a_i-Mv1vA,Barrio Alameda,4.0,6,Calle Dr Mora 9,"México, D.F.",DIF,06050,+525555123810,N/A,Shopping Centers,N/A,N/A,19.4326077,-99.133208
AdP8HzIw3RI3jo7Az8SuIA,El Nuevo Mundo,4.4,9,Calle de Venustiano Carranza 72,Ciudad de México,DIF,06000,+525551300353,N/A,Department Stores,N/A,N/A,19.4326077,-99.133208
ZRdHPK8DGkErHsAxWBt0hA,Sears,5.0,2,Av. Juárez 14,"México, D.F.",DIF,06050,,N/A,Department Stores,N/A,N/A,19.4326077,-99.133208
bNUOtMoyh_MpV1wqazwq2g,"Sanborn's, Isabel la Católica",5.0,1,Isabel La Católica 51,"México, D.F.",DIF,06000,,N/A,Department Stores,N/A,N/A,19.4326077,-99.133208
EVvFVPgssSNSe7jAjd_jcQ,El Palacio de Hierro,4.3,21,Av. Moliere 222,Ciudad de México,DIF,11540,+525552821455,N/A,Shopping Centers,N/A,N/A,19.4326077,-99.133208
J_Wx4wD82hIHOw5YchCrEw,Sanborns,4.0,2,Blvd. Puerto Aéreo 123,Ciudad de México,DIF,15530,+525555710164,N/A,Department Stores,N/A,N/A,19.4326077,-99.133208
37_CXsVq5OzGhsAzWcaqMA,Steve Madden,4.0,1,Hacienda Sierra Vieja lote 2Fraccionamiento Hacienda del Parque,"México, D.F.",DIF,54769,,N/A,Department Stores,N/A,N/A,19.4326077,-99.133208
fveS1p2fuRg8veTfEfwPDA,Outlet de Tenis Tacuba,4.0,2,Calle de Tacuba 40,"México, D.F.",DIF,06000,+525555103593,N/A,"Sports Wear, Outlet Stores",N/A,N/A,19.4326077,-99.133208
6j5aBvM4xhLCpVr3qb5C9w,Todo Barato desde $3:50,4.0,1,"Av. Cuauhtémoc, División del Norte y","México, D.F.",DIF,03650,,N/A,"Discount Store, Cosmetics & Beauty Supply",N/A,N/A,19.4326077,-99.133208
zIuQDXOMuVTpxbqN5JyoRw,Pineda Covalín Polanco,5.0,1,Campos Eliseos #215-A,"México, D.F.",DIF,11560,+525552822720,N/A,Fashion,N/A,N/A,19.4326077,-99.133208
kysKUMSpEJiNuXemubPaDQ,Antara,4.4,36,Av. Ejército Nacional 843,"México, D.F.",DIF,11520,+525545938870,N/A,Shopping Centers,N/A,N/A,19.4326077,-99.133208
VEdpScA53tUigu1O3tyocQ,Zold,4.0,1,16 de septiembre 41,"México, D.F.",DIF,06000,,N/A,"Sporting Goods, Outlet Stores",N/A,N/A,19.4326077,-99.133208
VoMcfenXLKXZ-O_2bIBPng,Suerte 888,5.0,1,Independencia #18,"México, D.F.",DIF,06050,+525555182828,N/A,"Wholesale Stores, Lighting Fixtures & Equipment, Souvenir Shops",N/A,N/A,19.4326077,-99.133208
4i17s4smmrsnVbl-MibmnA,Woolworth,4.2,5,Av. Insurgentes Sur 376,Ciudad de México,DIF,06600,,N/A,Department Stores,N/A,N/A,19.4326077,-99.133208
sud4XGrM8M0YoqDOIKg-gQ,Bodega Condesa,4.0,3,Ozuluama  #24,"México, D.F.",DIF,06140,+525552110532,N/A,"Wholesale Stores, Discount Store",N/A,N/A,19.4326077,-99.133208
u-rj-rGY9osswZpfBTICYg,Little Asia,5.0,1,Dolores #27 H Col. Centro,"México, D.F.",DIF,06000,+525555124260,N/A,"Wholesale Stores, Arts & Crafts",N/A,N/A,19.4326077,-99.133208
eYGDuowFLrNt9ZSPJNrivA,Miyana,4.2,6,Av. Ejército Nacional 769,Ciudad de México,DIF,11520,+525555451858,N/A,Shopping Centers,N/A,N/A,19.4326077,-99.133208
sZv9WJsOizitR8rrl3Hw3g,Galerías el Triunfo,4.4,5,Av.16 de Septiembre 41,"México, D.F.",DIF,06000,+525555127848,N/A,Wholesale Stores,N/A,N/A,19.4326077,-99.133208
kBi5se400rIOvlUB7hOg5g,La Imperial Textil,4.0,1,Venustiano Carranza 111,"México, D.F.",DIF,06060,+525555421495,N/A,"Wholesale Stores, Fashion, Bridal",N/A,N/A,19.4326077,-99.133208
8ccpwnTsbtBPoEoqcFuAKQ,Baby Creysi Outlet Centro,4.0,1,Bolivar 109 esquina Izazaga Colonia Centro,"México, D.F.",DIF,06000,+525555219210,N/A,"Baby Gear & Furniture, Outlet Stores",N/A,N/A,19.4326077,-99.133208
A7Eixe8AKwUq2GRI3u2H5w,Mega,4.5,2,Pilares 541,Ciudad de México,DIF,37160,+525556054599,N/A,Department Stores,N/A,N/A,19.4326077,-99.133208
VrDhP6Q4Dfk7oLDgzzu7-w,El Palacio de Hierro,4.0,1,Av. 20 de Noviembre 3,"México, D.F.",DIF,06060,+525557289905,N/A,Department Stores,N/A,N/A,19.4326077,-99.133208
zA1auRF4bKAj5-f2GL5y4A,Levis Outlet,4.0,1,"Izazaga 89, 2","México, D.F.",DIF,06090,+525553957911,N/A,Fashion,N/A,N/A,19.4326077,-99.133208
UoR5cCU82tJpYpKG0zwfcg,Telas El Silvonero,5.0,1,República de El Salvador 156,"México, D.F.",DIF,06000,,N/A,Wholesale Stores,N/A,N/A,19.4326077,-99.133208
Qm_1liHZSwBKWOV-9kvARQ,Woolworth,4.0,4,Av. Cuauhtémoc 607,"México, D.F.",DIF,03020,+525556392817,N/A,Department Stores,N/A,N/A,19.4326077,-99.133208
MLcPc_-818-afim5Ljkg7w,Plaza San Cosme,4.0,2,Ribera de San Cosme 28,Cuidad de México,DIF,06470,+525557053094,N/A,Shopping Centers,N/A,N/A,19.4326077,-99.133208
mzE8wNCxDJcPmIYmyw4Xwg,Walmart,4.0,1,San Juan de Aragón 516,"México, D.F.",DIF,07090,,N/A,Department Stores,N/A,N/A,19.4326077,-99.133208
LFSgPVsTiVJrLWLNSu39cA,Eurobakery,4.3,3,Calle Niza 76,"México, D.F.",DIF,06600,+525555112499,N/A,"Wholesale Stores, Kitchen Supplies, Restaurant Supplies",N/A,N/A,19.4326077,-99.133208
7NKLX18rcQmQCvmcFleJUg,Gorras Y Galar,5.0,1,Calle Apartado 14,Ciudad de México,DIF,06020,+525557032569,N/A,"Wholesale Stores, Accessories",N/A,N/A,19.4326077,-99.133208
NzrV3cR4SmI-H4ICgqeJEw,Outlet Store Levi´s,4.0,2,José María Izazaga 89 local 2 Colonia Centro,"México, D.F.",DIF,06090,+525557090340,N/A,Men's Clothing,N/A,N/A,19.4326077,-99.133208
77xjrblfNhJNNQMoYFRmhw,Telas Junco,4.0,1,Av. 20 de Noviembre 36,"México, D.F.",DIF,06060,+525555723639,N/A,Wholesale Stores,N/A,N/A,19.4326077,-99.133208
y7aPcv55UCx10dSHYTcspQ,Tianguis del automovil,4.5,2,Blvd. Adolfo López Mateos (Periférico) 4690 (Entre Av. de los In,"México, D.F.",DIF,08340,+525594378495,N/A,Shopping Centers,N/A,N/A,19.4326077,-99.133208
myt23j2l3MGCDluGg8yhFw,Cristalería El Ancla,4.0,1,Calle Corregidora  59,"México, D.F.",DIF,06000,,N/A,Wholesale Stores,N/A,N/A,19.4326077,-99.133208
eRuQC4HCk5hupSgV3bctzg,Plaza de la Película,4.5,2,Eje Central Lázaro Cárdenas 81,"México, D.F.",DIF,06000,+525555108671,N/A,Outlet Stores,N/A,N/A,19.4326077,-99.133208
TL_sGZ49q0g4ig0w-vPGSw,Plaza de la Película,5.0,1,Eje Central Lázaro Cárdenas 81,"México, D.F.",DIF,06000,+525555122640,N/A,Shopping Centers,N/A,N/A,19.4326077,-99.133208
4RehInUdvA_okyOkkv4vwA,SPEEDY MART,4.0,1,"Casas Grandes 93, Narvarte, Benito Juárez,","México, D.F.",DIF,03020,+525544345101,N/A,Shopping Centers,N/A,N/A,19.4326077,-99.133208
k90ZJEGt4FSkmffz59jJbw,Mineralia Outlet,4.0,2,Republica de Uruguay 76,"México, D.F.",DIF,06000,+525555124141,N/A,Jewelry,N/A,N/A,19.4326077,-99.133208
GSTew-29vIJMm4yfGrj9xQ,Revolución mexicana del diseño Show Room,5.0,1,Sonora 123,"México, D.F.",DIF,06170,,N/A,"Department Stores, Interior Design",N/A,N/A,19.4326077,-99.133208
u3VZAdL4ViiBDlnaltLgyw,Benotto San Pablo,5.0,1,Calle San Pablo 18,"México, D.F.",DIF,06000,+525555427227,N/A,"Department Stores, Bike Repair/Maintenance, Recreation Centers",N/A,N/A,19.4326077,-99.133208
AqnhSZ_ZVZ9uSToScBur4Q,Globos,5.0,1,Herasmo Castellanos 20,"México, D.F.",DIF,06060,,N/A,"Wholesale Stores, Knitting Supplies, Outlet Stores",N/A,N/A,19.4326077,-99.133208
75KraqTGTBCQ8KtjCZkkag,Lee outlet,4.5,2,San Pablo,"México, D.F.",DIF,06000,,N/A,Sports Wear,N/A,N/A,19.4326077,-99.133208
bUaaK1l4yhHh082ZY6bHDg,Leo,4.0,1,Eje Central Lázaro Cárdenas 37,Ciudad de México,DIF,06000,+525555128809,N/A,"Men's Clothing, Shoe Stores",N/A,N/A,19.4326077,-99.133208
8JcbFsqmuJIej9YosFCDZg,Superama,4.0,2,Georgia 53,Benito Juárez,DIF,03810,+525555360918,N/A,Shopping Centers,N/A,N/A,19.4326077,-99.133208
g8cOEufbJCmHsaOmk85l4A,Dokkoi,4.5,2,San Luis Potosí 173,Ciudad de México,DIF,06700,,N/A,Discount Store,N/A,N/A,19.4326077,-99.133208
6BiW3BECXkIuQ5NtVNPPPw,Patio Clavería,4.0,2,Egipto 142,"México, D.F.",DIF,02080,,N/A,Shopping Centers,N/A,N/A,19.4326077,-99.133208
kUJ_xiQQqdUb0a_i-Mv1vA,Barrio Alameda,4.0,6,Calle Dr Mora 9,"México, D.F.",DIF,06050,+525555123810,N/A,Shopping Centers,N/A,N/A,19.4326077,-99.133208
AdP8HzIw3RI3jo7Az8SuIA,El Nuevo Mundo,4.4,9,Calle de Venustiano Carranza 72,Ciudad de México,DIF,06000,+525551300353,N/A,Department Stores,N/A,N/A,19.4326077,-99.133208
ZRdHPK8DGkErHsAxWBt0hA,Sears,5.0,2,Av. Juárez 14,"México, D.F.",DIF,06050,,N/A,Department Stores,N/A,N/A,19.4326077,-99.133208
bNUOtMoyh_MpV1wqazwq2g,"Sanborn's, Isabel la Católica",5.0,1,Isabel La Católica 51,"México, D.F.",DIF,06000,,N/A,Department Stores,N/A,N/A,19.4326077,-99.133208
EVvFVPgssSNSe7jAjd_jcQ,El Palacio de Hierro,4.3,21,Av. Moliere 222,Ciudad de México,DIF,11540,+525552821455,N/A,Shopping Centers,N/A,N/A,19.4326077,-99.133208
J_Wx4wD82hIHOw5YchCrEw,Sanborns,4.0,2,Blvd. Puerto Aéreo 123,Ciudad de México,DIF,15530,+525555710164,N/A,Department Stores,N/A,N/A,19.4326077,-99.133208
37_CXsVq5OzGhsAzWcaqMA,Steve Madden,4.0,1,Hacienda Sierra Vieja lote 2Fraccionamiento Hacienda del Parque,"México, D.F.",DIF,54769,,N/A,Department Stores,N/A,N/A,19.4326077,-99.133208
fveS1p2fuRg8veTfEfwPDA,Outlet de Tenis Tacuba,4.0,2,Calle de Tacuba 40,"México, D.F.",DIF,06000,+525555103593,N/A,"Sports Wear, Outlet Stores",N/A,N/A,19.4326077,-99.133208
6j5aBvM4xhLCpVr3qb5C9w,Todo Barato desde $3:50,4.0,1,"Av. Cuauhtémoc, División del Norte y","México, D.F.",DIF,03650,,N/A,"Discount Store, Cosmetics & Beauty Supply",N/A,N/A,19.4326077,-99.133208
zIuQDXOMuVTpxbqN5JyoRw,Pineda Covalín Polanco,5.0,1,Campos Eliseos #215-A,"México, D.F.",DIF,11560,+525552822720,N/A,Fashion,N/A,N/A,19.4326077,-99.133208
kysKUMSpEJiNuXemubPaDQ,Antara,4.4,36,Av. Ejército Nacional 843,"México, D.F.",DIF,11520,+525545938870,N/A,Shopping Centers,N/A,N/A,19.4326077,-99.133208
VEdpScA53tUigu1O3tyocQ,Zold,4.0,1,16 de septiembre 41,"México, D.F.",DIF,06000,,N/A,"Sporting Goods, Outlet Stores",N/A,N/A,19.4326077,-99.133208
VoMcfenXLKXZ-O_2bIBPng,Suerte 888,5.0,1,Independencia #18,"México, D.F.",DIF,06050,+525555182828,N/A,"Wholesale Stores, Lighting Fixtures & Equipment, Souvenir Shops",N/A,N/A,19.4326077,-99.133208
4i17s4smmrsnVbl-MibmnA,Woolworth,4.2,5,Av. Insurgentes Sur 376,Ciudad de México,DIF,06600,,N/A,Department Stores,N/A,N/A,19.4326077,-99.133208
sud4XGrM8M0YoqDOIKg-gQ,Bodega Condesa,4.0,3,Ozuluama  #24,"México, D.F.",DIF,06140,+525552110532,N/A,"Wholesale Stores, Discount Store",N/A,N/A,19.4326077,-99.133208
u-rj-rGY9osswZpfBTICYg,Little Asia,5.0,1,Dolores #27 H Col. Centro,"México, D.F.",DIF,06000,+525555124260,N/A,"Wholesale Stores, Arts & Crafts",N/A,N/A,19.4326077,-99.133208
eYGDuowFLrNt9ZSPJNrivA,Miyana,4.2,6,Av. Ejército Nacional 769,Ciudad de México,DIF,11520,+525555451858,N/A,Shopping Centers,N/A,N/A,19.4326077,-99.133208
sZv9WJsOizitR8rrl3Hw3g,Galerías el Triunfo,4.4,5,Av.16 de Septiembre 41,"México, D.F.",DIF,06000,+525555127848,N/A,Wholesale Stores,N/A,N/A,19.4326077,-99.133208
kBi5se400rIOvlUB7hOg5g,La Imperial Textil,4.0,1,Venustiano Carranza 111,"México, D.F.",DIF,06060,+525555421495,N/A,"Wholesale Stores, Fashion, Bridal",N/A,N/A,19.4326077,-99.133208
8ccpwnTsbtBPoEoqcFuAKQ,Baby Creysi Outlet Centro,4.0,1,Bolivar 109 esquina Izazaga Colonia Centro,"México, D.F.",DIF,06000,+525555219210,N/A,"Baby Gear & Furniture, Outlet Stores",N/A,N/A,19.4326077,-99.133208
A7Eixe8AKwUq2GRI3u2H5w,Mega,4.5,2,Pilares 541,Ciudad de México,DIF,37160,+525556054599,N/A,Department Stores,N/A,N/A,19.4326077,-99.133208
VrDhP6Q4Dfk7oLDgzzu7-w,El Palacio de Hierro,4.0,1,Av. 20 de Noviembre 3,"México, D.F.",DIF,06060,+525557289905,N/A,Department Stores,N/A,N/A,19.4326077,-99.133208
zA1auRF4bKAj5-f2GL5y4A,Levis Outlet,4.0,1,"Izazaga 89, 2","México, D.F.",DIF,06090,+525553957911,N/A,Fashion,N/A,N/A,19.4326077,-99.133208
UoR5cCU82tJpYpKG0zwfcg,Telas El Silvonero,5.0,1,República de El Salvador 156,"México, D.F.",DIF,06000,,N/A,Wholesale Stores,N/A,N/A,19.4326077,-99.133208
Qm_1liHZSwBKWOV-9kvARQ,Woolworth,4.0,4,Av. Cuauhtémoc 607,"México, D.F.",DIF,03020,+525556392817,N/A,Department Stores,N/A,N/A,19.4326077,-99.133208
MLcPc_-818-afim5Ljkg7w,Plaza San Cosme,4.0,2,Ribera de San Cosme 28,Cuidad de México,DIF,06470,+525557053094,N/A,Shopping Centers,N/A,N/A,19.4326077,-99.133208
mzE8wNCxDJcPmIYmyw4Xwg,Walmart,4.0,1,San Juan de Aragón 516,"México, D.F.",DIF,07090,,N/A,Department Stores,N/A,N/A,19.4326077,-99.133208
LFSgPVsTiVJrLWLNSu39cA,Eurobakery,4.3,3,Calle Niza 76,"México, D.F.",DIF,06600,+525555112499,N/A,"Wholesale Stores, Kitchen Supplies, Restaurant Supplies",N/A,N/A,19.4326077,-99.133208
7NKLX18rcQmQCvmcFleJUg,Gorras Y Galar,5.0,1,Calle Apartado 14,Ciudad de México,DIF,06020,+525557032569,N/A,"Wholesale Stores, Accessories",N/A,N/A,19.4326077,-99.133208
NzrV3cR4SmI-H4ICgqeJEw,Outlet Store Levi´s,4.0,2,José María Izazaga 89 local 2 Colonia Centro,"México, D.F.",DIF,06090,+525557090340,N/A,Men's Clothing,N/A,N/A,19.4326077,-99.133208
77xjrblfNhJNNQMoYFRmhw,Telas Junco,4.0,1,Av. 20 de Noviembre 36,"México, D.F.",DIF,06060,+525555723639,N/A,Wholesale Stores,N/A,N/A,19.4326077,-99.133208
y7aPcv55UCx10dSHYTcspQ,Tianguis del automovil,4.5,2,Blvd. Adolfo López Mateos (Periférico) 4690 (Entre Av. de los In,"México, D.F.",DIF,08340,+525594378495,N/A,Shopping Centers,N/A,N/A,19.4326077,-99.133208
myt23j2l3MGCDluGg8yhFw,Cristalería El Ancla,4.0,1,Calle Corregidora  59,"México, D.F.",DIF,06000,,N/A,Wholesale Stores,N/A,N/A,19.4326077,-99.133208
eRuQC4HCk5hupSgV3bctzg,Plaza de la Película,4.5,2,Eje Central Lázaro Cárdenas 81,"México, D.F.",DIF,06000,+525555108671,N/A,Outlet Stores,N/A,N/A,19.4326077,-99.133208
TL_sGZ49q0g4ig0w-vPGSw,Plaza de la Película,5.0,1,Eje Central Lázaro Cárdenas 81,"México, D.F.",DIF,06000,+525555122640,N/A,Shopping Centers,N/A,N/A,19.4326077,-99.133208
4RehInUdvA_okyOkkv4vwA,SPEEDY MART,4.0,1,"Casas Grandes 93, Narvarte, Benito Juárez,","México, D.F.",DIF,03020,+525544345101,N/A,Shopping Centers,N/A,N/A,19.4326077,-99.133208
k90ZJEGt4FSkmffz59jJbw,Mineralia Outlet,4.0,2,Republica de Uruguay 76,"México, D.F.",DIF,06000,+525555124141,N/A,Jewelry,N/A,N/A,19.4326077,-99.133208
GSTew-29vIJMm4yfGrj9xQ,Revolución mexicana del diseño Show Room,5.0,1,Sonora 123,"México, D.F.",DIF,06170,,N/A,"Department Stores, Interior Design",N/A,N/A,19.4326077,-99.133208
u3VZAdL4ViiBDlnaltLgyw,Benotto San Pablo,5.0,1,Calle San Pablo 18,"México, D.F.",DIF,06000,+525555427227,N/A,"Department Stores, Bike Repair/Maintenance, Recreation Centers",N/A,N/A,19.4326077,-99.133208
AqnhSZ_ZVZ9uSToScBur4Q,Globos,5.0,1,Herasmo Castellanos 20,"México, D.F.",DIF,06060,,N/A,"Wholesale Stores, Knitting Supplies, Outlet Stores",N/A,N/A,19.4326077,-99.133208
75KraqTGTBCQ8KtjCZkkag,Lee outlet,4.5,2,San Pablo,"México, D.F.",DIF,06000,,N/A,Sports Wear,N/A,N/A,19.4326077,-99.133208
bUaaK1l4yhHh082ZY6bHDg,Leo,4.0,1,Eje Central Lázaro Cárdenas 37,Ciudad de México,DIF,06000,+525555128809,N/A,"Men's Clothing, Shoe Stores",N/A,N/A,19.4326077,-99.133208
8JcbFsqmuJIej9YosFCDZg,Superama,4.0,2,Georgia 53,Benito Juárez,DIF,03810,+525555360918,N/A,Shopping Centers,N/A,N/A,19.4326077,-99.133208
g8cOEufbJCmHsaOmk85l4A,Dokkoi,4.5,2,San Luis Potosí 173,Ciudad de México,DIF,06700,,N/A,Discount Store,N/A,N/A,19.4326077,-99.133208
6BiW3BECXkIuQ5NtVNPPPw,Patio Clavería,4.0,2,Egipto 142,"México, D.F.",DIF,02080,,N/A,Shopping Centers,N/A,N/A,19.4326077,-99.133208
ljd77VL6zLCbmEIzdI9MMA,"Plásticos, Pegamentos, Espumas",4.0,1,República de El Salvador 125,"México, D.F.",DIF,06000,,N/A,"Wholesale Stores, Discount Store",N/A,N/A,19.4326077,-99.133208
G7AILb-4YgliRm7r6u-P4Q,Infantiles Aby's,4.0,1,Plaza Diamante Local 3,"México, D.F.",DIF,06000,+525563863034,N/A,"Children's Clothing, Outlet Stores",N/A,N/A,19.4326077,-99.133208
Uh86DggHnev1u2jWZzPmQQ,Telas Junco,4.0,6,Homero 126,"México, D.F.",DIF,11560,+525552540288,N/A,"Wholesale Stores, Fabric Stores",N/A,N/A,19.4326077,-99.133208
HMrGivGkPqMbGBS2I4bm6w,Pepe Jeans Outlet,4.0,2,Correo Mayor 93,"México, D.F.",DIF,06000,,N/A,"Women's Clothing, Men's Clothing, Outlet Stores",N/A,N/A,19.4326077,-99.133208
kHJeow8qkZS2bEiNrrBBPw,Linkar Publicidad,5.0,1,Isabel la Católica #478 loc. E col. Algarín,"México, D.F.",DIF,06880,+525554403511,N/A,"Wholesale Stores, Advertising, Accessories",N/A,N/A,19.4326077,-99.133208
CyjAZldSGVcO6sznDkvn2Q,Miscelánea La Guadalupana,4.0,1,Jaime Torres Bodet 155,"México, D.F.",DIF,06400,,N/A,Discount Store,N/A,N/A,19.4326077,-99.133208
LSzz_7-cFrK3DXu56HS-wQ,Pabellón,5.0,2,Av. Aquiles Serdán 377,"México, D.F.",DIF,02099,+525552848500,N/A,Shopping Centers,N/A,N/A,19.4326077,-99.133208
0zPYErM7kSLgvL1CjA2wcA,Salvaje Tentación,4.0,1,Avenida Victoria 3265,"México, D.F.",DIF,07820,+525526033112,N/A,Outlet Stores,N/A,N/A,19.4326077,-99.133208
ZhqxlSgwWSASQQFNlLoHNQ,Marti,4.5,4,Calle Isabel la Catolica 79,Ciudad de México,DIF,06080,+525556665323,N/A,"Accessories, Shoe Stores, Sports Wear",N/A,N/A,19.4326077,-99.133208
0jhQfL2Y6g_P4VVefsdTgw,Marti Outlet,4.0,1,Av. Eduardo Molina 1623,"México, D.F.",DIF,07420,,N/A,"Sports Wear, Outlet Stores",N/A,N/A,19.4326077,-99.133208
AI-aW584rlVsrgTpanv1PA,Estación de Tren Suburbano Buenavista,4.0,15,Mosqueta S/N,"México, D.F.",DIF,06350,+525553668200,N/A,"Public Transportation, Landmarks & Historical Buildings, Shopping Centers",N/A,N/A,19.4326077,-99.133208
22G3hpqVFjFLi4dHvhi50A,Tienda Radar,4.0,1,Salvador Díaz Mirón 156-B,"México, D.F.",DIF,06400,+525585899570,N/A,"Discount Store, Newspapers & Magazines",N/A,N/A,19.4326077,-99.133208
dwtyTs3BHHTo4PYt0hp-rw,Sprint,4.0,1,Norte 45,"México, D.F.",DIF,02300,+525553437921,N/A,"Sports Wear, Outlet Stores",N/A,N/A,19.4326077,-99.133208
-XQEPeqdTVK-UyvPZ5MVgA,El Tiendón Remates,4.0,1,San Simón 29,"México, D.F.",DIF,03660,+525565507145,N/A,Outlet Stores,N/A,N/A,19.4326077,-99.133208
3ctnYGVypAEHmsB37TwAjQ,Bazar Pepe's,4.0,1,Puerto Salina Cruz esq. Puerto Acapulco,"México, D.F.",DIF,07580,,N/A,Outlet Stores,N/A,N/A,19.4326077,-99.133208
1KAbzuD3ekxKsCvRaUZM5g,Sears,4.0,1,Centrio Comercial World Trade Center,"México, D.F.",DIF,03810,+525553406700,N/A,Department Stores,N/A,N/A,19.4326077,-99.133208
cgQahUlrVs5_EA10xQKQRw,Vintage Hoe,4.2,14,Jalapa 27,"México, D.F.",DIF,06560,+525562755424,N/A,"Accessories, Used, Vintage & Consignment",N/A,N/A,19.4326077,-99.133208
fkdTqrfxFikcrnRAfPbSbw,Goodbye Folk,4.2,49,Cordoba 55,Ciudad de México,DIF,06700,+525555254109,N/A,"Used, Vintage & Consignment, Shoe Stores",N/A,N/A,19.4326077,-99.133208
VMz1mKie_zhdwNX6B9lxkA,"Fábrica Social, Roma",4.5,2,Córdoba 67 Col. Roma,"México, D.F.",DIF,06700,+525555353431,N/A,"Arts & Crafts, Fashion",N/A,N/A,19.4326077,-99.133208
kUJ_xiQQqdUb0a_i-Mv1vA,Barrio Alameda,4.0,6,Calle Dr Mora 9,"México, D.F.",DIF,06050,+525555123810,N/A,Shopping Centers,N/A,N/A,19.4326077,-99.133208
2gaxQjwoiN-81vib-4tdyw,Boutique Nuevo Y Vintage,5.0,1,Orozco y Berra 188,Ciudad de México,DIF,06400,+525516773940,N/A,"Thrift Stores, Women's Clothing, Used, Vintage & Consignment",N/A,N/A,19.4326077,-99.133208
3OLhjkEFMMyG7e8QSGCqqQ,DIME,4.2,5,Av. Alvaro Obregón No. 185,"México, D.F.",DIF,06700,+525524546790,N/A,Fashion,N/A,N/A,19.4326077,-99.133208
3ZTwIbf3NMSd01I2HAEN8Q,Carmen Rion,4.2,5,Av Michoacan 30,Ciudad de México,DIF,06100,+525552641666,N/A,Women's Clothing,N/A,N/A,19.4326077,-99.133208
EVvFVPgssSNSe7jAjd_jcQ,El Palacio de Hierro,4.3,21,Av. Moliere 222,Ciudad de México,DIF,11540,+525552821455,N/A,Shopping Centers,N/A,N/A,19.4326077,-99.133208
-HHsH25p9EQJhKokHO45Ww,Boutique Fashion Underground,4.0,4,Av. de los Insurgentes Sur 300,"México, D.F.",DIF,06760,+525563630943,N/A,"Women's Clothing, Tattoo, Accessories",N/A,N/A,19.4326077,-99.133208
OW39KXfLcZ-kU_6P8Z1yMg,Boutique Chemisette,4.0,1,Magdalena 201,"México, D.F.",DIF,03100,,N/A,Fashion,N/A,N/A,19.4326077,-99.133208
drtBSC-YSZAbQTB577TbqQ,AERO Boutique,5.0,1,Pino Suárez 201-B,Centro,OAX,68000,,N/A,Sports Wear,N/A,N/A,19.4326077,-99.133208
mdK0KoECoj525zz6PukwCg,Mango Boutique Lindavista,4.0,2,Colector 13 280,"México, D.F.",DIF,07760,,N/A,Fashion,N/A,N/A,19.4326077,-99.133208
Ov6rVAK2ejJkv9hPYpc3Kg,Boutique Alana Savoir,4.3,7,Av. Molier 54,"México, D.F.",DIF,11550,+525552822841,N/A,"Women's Clothing, Formal Wear, Bridal",N/A,N/A,19.4326077,-99.133208
9vOuCrQQJXqJYiVWY8e0-g,Boutique Mari Loli,4.0,1,Av. San Antonio 179,"México, D.F.",DIF,03810,+525555439920,N/A,Women's Clothing,N/A,N/A,19.4326077,-99.133208
zIuQDXOMuVTpxbqN5JyoRw,Pineda Covalín Polanco,5.0,1,Campos Eliseos #215-A,"México, D.F.",DIF,11560,+525552822720,N/A,Fashion,N/A,N/A,19.4326077,-99.133208
R1PNinsL2yrh4Fys9YBO4A,Obsession boutique,4.0,3,20 de noviembre 65,"México, D.F.",DIF,06000,,N/A,Women's Clothing,N/A,N/A,19.4326077,-99.133208
bhJse6JETjTCHnSf8LfUiA,Zinix Boutique,5.0,1,Av. Amsterdam 12-A,Hipódromo,DIF,06100,+525555533277,N/A,"Shoe Stores, Accessories, Women's Clothing",N/A,N/A,19.4326077,-99.133208
t8Xuj27vDQ0mYqQopRWidw,Village Plaza Boutique,4.0,1,Tamaulipas 99,"México, D.F.",DIF,06100,,N/A,Fashion,N/A,N/A,19.4326077,-99.133208
BqbLNcs4h5OoayyHNutDrw,Hola Ropa Infantil,5.0,1,Serapio Rendón 20,"México, D.F.",DIF,06470,,N/A,Children's Clothing,N/A,N/A,19.4326077,-99.133208
gkFTJKJmv8d6EcNf3-feMg,Scalpers,5.0,1,C. C. Antara,"México, D.F.",DIF,11520,+525552803262,N/A,Men's Clothing,N/A,N/A,19.4326077,-99.133208
AqQwuAT7PM7WCoVhJi2UjA,Boutique LaVill,4.0,1,Benjamil Hill 214,"México, D.F.",DIF,06100,,N/A,Women's Clothing,N/A,N/A,19.4326077,-99.133208
cgQahUlrVs5_EA10xQKQRw,Vintage Hoe,4.2,14,Jalapa 27,"México, D.F.",DIF,06560,+525562755424,N/A,"Accessories, Used, Vintage & Consignment",N/A,N/A,19.4326077,-99.133208
fkdTqrfxFikcrnRAfPbSbw,Goodbye Folk,4.2,49,Cordoba 55,Ciudad de México,DIF,06700,+525555254109,N/A,"Used, Vintage & Consignment, Shoe Stores",N/A,N/A,19.4326077,-99.133208
VMz1mKie_zhdwNX6B9lxkA,"Fábrica Social, Roma",4.5,2,Córdoba 67 Col. Roma,"México, D.F.",DIF,06700,+525555353431,N/A,"Arts & Crafts, Fashion",N/A,N/A,19.4326077,-99.133208
kUJ_xiQQqdUb0a_i-Mv1vA,Barrio Alameda,4.0,6,Calle Dr Mora 9,"México, D.F.",DIF,06050,+525555123810,N/A,Shopping Centers,N/A,N/A,19.4326077,-99.133208
2gaxQjwoiN-81vib-4tdyw,Boutique Nuevo Y Vintage,5.0,1,Orozco y Berra 188,Ciudad de México,DIF,06400,+525516773940,N/A,"Thrift Stores, Women's Clothing, Used, Vintage & Consignment",N/A,N/A,19.4326077,-99.133208
3OLhjkEFMMyG7e8QSGCqqQ,DIME,4.2,5,Av. Alvaro Obregón No. 185,"México, D.F.",DIF,06700,+525524546790,N/A,Fashion,N/A,N/A,19.4326077,-99.133208
3ZTwIbf3NMSd01I2HAEN8Q,Carmen Rion,4.2,5,Av Michoacan 30,Ciudad de México,DIF,06100,+525552641666,N/A,Women's Clothing,N/A,N/A,19.4326077,-99.133208
EVvFVPgssSNSe7jAjd_jcQ,El Palacio de Hierro,4.3,21,Av. Moliere 222,Ciudad de México,DIF,11540,+525552821455,N/A,Shopping Centers,N/A,N/A,19.4326077,-99.133208
-HHsH25p9EQJhKokHO45Ww,Boutique Fashion Underground,4.0,4,Av. de los Insurgentes Sur 300,"México, D.F.",DIF,06760,+525563630943,N/A,"Women's Clothing, Tattoo, Accessories",N/A,N/A,19.4326077,-99.133208
OW39KXfLcZ-kU_6P8Z1yMg,Boutique Chemisette,4.0,1,Magdalena 201,"México, D.F.",DIF,03100,,N/A,Fashion,N/A,N/A,19.4326077,-99.133208
drtBSC-YSZAbQTB577TbqQ,AERO Boutique,5.0,1,Pino Suárez 201-B,Centro,OAX,68000,,N/A,Sports Wear,N/A,N/A,19.4326077,-99.133208
mdK0KoECoj525zz6PukwCg,Mango Boutique Lindavista,4.0,2,Colector 13 280,"México, D.F.",DIF,07760,,N/A,Fashion,N/A,N/A,19.4326077,-99.133208
Ov6rVAK2ejJkv9hPYpc3Kg,Boutique Alana Savoir,4.3,7,Av. Molier 54,"México, D.F.",DIF,11550,+525552822841,N/A,"Women's Clothing, Formal Wear, Bridal",N/A,N/A,19.4326077,-99.133208
9vOuCrQQJXqJYiVWY8e0-g,Boutique Mari Loli,4.0,1,Av. San Antonio 179,"México, D.F.",DIF,03810,+525555439920,N/A,Women's Clothing,N/A,N/A,19.4326077,-99.133208
zIuQDXOMuVTpxbqN5JyoRw,Pineda Covalín Polanco,5.0,1,Campos Eliseos #215-A,"México, D.F.",DIF,11560,+525552822720,N/A,Fashion,N/A,N/A,19.4326077,-99.133208
R1PNinsL2yrh4Fys9YBO4A,Obsession boutique,4.0,3,20 de noviembre 65,"México, D.F.",DIF,06000,,N/A,Women's Clothing,N/A,N/A,19.4326077,-99.133208
bhJse6JETjTCHnSf8LfUiA,Zinix Boutique,5.0,1,Av. Amsterdam 12-A,Hipódromo,DIF,06100,+525555533277,N/A,"Shoe Stores, Accessories, Women's Clothing",N/A,N/A,19.4326077,-99.133208
t8Xuj27vDQ0mYqQopRWidw,Village Plaza Boutique,4.0,1,Tamaulipas 99,"México, D.F.",DIF,06100,,N/A,Fashion,N/A,N/A,19.4326077,-99.133208
BqbLNcs4h5OoayyHNutDrw,Hola Ropa Infantil,5.0,1,Serapio Rendón 20,"México, D.F.",DIF,06470,,N/A,Children's Clothing,N/A,N/A,19.4326077,-99.133208
gkFTJKJmv8d6EcNf3-feMg,Scalpers,5.0,1,C. C. Antara,"México, D.F.",DIF,11520,+525552803262,N/A,Men's Clothing,N/A,N/A,19.4326077,-99.133208
AqQwuAT7PM7WCoVhJi2UjA,Boutique LaVill,4.0,1,Benjamil Hill 214,"México, D.F.",DIF,06100,,N/A,Women's Clothing,N/A,N/A,19.4326077,-99.133208
